›ώλ²•μ •λ™μ½”λ“,λ²•μ •λ™λ…,μƒμ„μ§€μ—­μ½”λ“ ,μ„μ—΄ ,μƒμ„±μΌ ,νμ§€μΌ ,μµμΆ…μ‘μ—…μΌ ,μµν•μ§€μ—­λ…, λ²•μ •λ™μ½”λ“(μ£Όλ―Ό),λ²•μ •λ™μ½”λ“(μ§€μ )
1100000000,μ„μΈνΉλ³„μ‹,0000000000,11,20000101,,,μ„μΈνΉλ³„μ‹,1100000000,1100000000
1111000000,μ„μΈνΉλ³„μ‹ μΆ…λ΅κµ¬,1100000000,01,,,,μΆ…λ΅κµ¬,1111000000,1111000000
1111010100,μ„μΈνΉλ³„μ‹ μΆ…λ΅κµ¬ μ²­μ΄λ™,1111000000,01,,,,μ²­μ΄λ™,1111010100,1111010100
1111010200,μ„μΈνΉλ³„μ‹ μΆ…λ΅κµ¬ μ‹ κµλ™,1111000000,02,,,,μ‹ κµλ™,1111010200,1111010200
1111010300,μ„μΈνΉλ³„μ‹ μΆ…λ΅κµ¬ κ¶μ •λ™,1111000000,03,,,,κ¶μ •λ™,1111010300,1111010300
1111010400,μ„μΈνΉλ³„μ‹ μΆ…λ΅κµ¬ ν¨μλ™,1111000000,04,,,,ν¨μλ™,1111010400,1111010400
1111010500,μ„μΈνΉλ³„μ‹ μΆ…λ΅κµ¬ μ°½μ„±λ™,1111000000,05,,,,μ°½μ„±λ™,1111010500,1111010500
1111010600,μ„μΈνΉλ³„μ‹ μΆ…λ΅κµ¬ ν†µμλ™,1111000000,06,,,,ν†µμλ™,1111010600,1111010600
1111010700,μ„μΈνΉλ³„μ‹ μΆ…λ΅κµ¬ μ μ„ λ™,1111000000,07,,,,μ μ„ λ™,1111010700,1111010700
1111010800,μ„μΈνΉλ³„μ‹ μΆ…λ΅κµ¬ ν†µμΈλ™,1111000000,08,20050224,,,ν†µμΈλ™,1111010800,1111010800
1111010900,μ„μΈνΉλ³„μ‹ μΆ…λ΅κµ¬ λ„μƒλ™,1111000000,09,,,,λ„μƒλ™,1111010900,1111010900
1111011000,μ„μΈνΉλ³„μ‹ μΆ…λ΅κµ¬ λ„ν•λ™,1111000000,10,,,,λ„ν•λ™,1111011000,1111011000
1111011100,μ„μΈνΉλ³„μ‹ μΆ…λ΅κµ¬ μ¥μΈλ™,1111000000,11,,,,μ¥μΈλ™,1111011100,1111011100
1111011200,μ„μΈνΉλ³„μ‹ μΆ…λ΅κµ¬ μ²΄λ¶€λ™,1111000000,12,,,,μ²΄λ¶€λ™,1111011200,1111011200
1111011300,μ„μΈνΉλ³„μ‹ μΆ…λ΅κµ¬ ν•„μ΄λ™,1111000000,13,,,,ν•„μ΄λ™,1111011300,1111011300
1111011400,μ„μΈνΉλ³„μ‹ μΆ…λ΅κµ¬ λ‚΄μλ™,1111000000,14,,,,λ‚΄μλ™,1111011400,1111011400
1111011500,μ„μΈνΉλ³„μ‹ μΆ…λ΅κµ¬ μ‚¬μ§λ™,1111000000,15,,,,μ‚¬μ§λ™,1111011500,1111011500
1111011600,μ„μΈνΉλ³„μ‹ μΆ…λ΅κµ¬ λ„λ ΄λ™,1111000000,16,,,,λ„λ ΄λ™,1111011600,1111011600
1111011700,μ„μΈνΉλ³„μ‹ μΆ…λ΅κµ¬ λ‹Ήμ£Όλ™,1111000000,17,,,,λ‹Ήμ£Όλ™,1111011700,1111011700
1111011800,μ„μΈνΉλ³„μ‹ μΆ…λ΅κµ¬ λ‚΄μλ™,1111000000,18,,,,λ‚΄μλ™,1111011800,1111011800
1111011900,μ„μΈνΉλ³„μ‹ μΆ…λ΅κµ¬ μ„ΈμΆ…λ΅,1111000000,19,,,,μ„ΈμΆ…λ΅,1111011900,1111011900
1111012000,μ„μΈνΉλ³„μ‹ μΆ…λ΅κµ¬ μ‹ λ¬Έλ΅1κ°€,1111000000,20,,,,μ‹ λ¬Έλ΅1κ°€,1111012000,1111012000
1111012100,μ„μΈνΉλ³„μ‹ μΆ…λ΅κµ¬ μ‹ λ¬Έλ΅2κ°€,1111000000,21,,,,μ‹ λ¬Έλ΅2κ°€,1111012100,1111012100
1111012200,μ„μΈνΉλ³„μ‹ μΆ…λ΅κµ¬ μ²­μ§„λ™,1111000000,22,,,,μ²­μ§„λ™,1111012200,1111012200
1111012300,μ„μΈνΉλ³„μ‹ μΆ…λ΅κµ¬ μ„λ¦°λ™,1111000000,23,,,,μ„λ¦°λ™,1111012300,1111012300
1111012400,μ„μΈνΉλ³„μ‹ μΆ…λ΅κµ¬ μμ†΅λ™,1111000000,24,,,,μμ†΅λ™,1111012400,1111012400
1111012500,μ„μΈνΉλ³„μ‹ μΆ…λ΅κµ¬ μ¤‘ν•™λ™,1111000000,25,,,,μ¤‘ν•™λ™,1111012500,1111012500
1111012600,μ„μΈνΉλ³„μ‹ μΆ…λ΅κµ¬ μΆ…λ΅1κ°€,1111000000,26,,,,μΆ…λ΅1κ°€,1111012600,1111012600
1111012700,μ„μΈνΉλ³„μ‹ μΆ…λ΅κµ¬ κ³µν‰λ™,1111000000,27,,,,κ³µν‰λ™,1111012700,1111012700
1111012800,μ„μΈνΉλ³„μ‹ μΆ…λ΅κµ¬ κ΄€ν›λ™,1111000000,28,,,,κ΄€ν›λ™,1111012800,1111012800
1111012900,μ„μΈνΉλ³„μ‹ μΆ…λ΅κµ¬ κ²¬μ§€λ™,1111000000,29,,,,κ²¬μ§€λ™,1111012900,1111012900
1111013000,μ„μΈνΉλ³„μ‹ μΆ…λ΅κµ¬ μ™€λ£΅λ™,1111000000,30,,,,μ™€λ£΅λ™,1111013000,1111013000
1111013100,μ„μΈνΉλ³„μ‹ μΆ…λ΅κµ¬ κ¶λ†λ™,1111000000,31,,,,κ¶λ†λ™,1111013100,1111013100
1111013200,μ„μΈνΉλ³„μ‹ μΆ…λ΅κµ¬ μ΄λ‹λ™,1111000000,32,,,,μ΄λ‹λ™,1111013200,1111013200
1111013300,μ„μΈνΉλ³„μ‹ μΆ…λ΅κµ¬ μµμ„ λ™,1111000000,33,,,,μµμ„ λ™,1111013300,1111013300
1111013400,μ„μΈνΉλ³„μ‹ μΆ…λ΅κµ¬ κ²½μ΄λ™,1111000000,34,,,,κ²½μ΄λ™,1111013400,1111013400
1111013500,μ„μΈνΉλ³„μ‹ μΆ…λ΅κµ¬ κ΄€μ² λ™,1111000000,35,,,,κ΄€μ² λ™,1111013500,1111013500
1111013600,μ„μΈνΉλ³„μ‹ μΆ…λ΅κµ¬ μΈμ‚¬λ™,1111000000,36,,,,μΈμ‚¬λ™,1111013600,1111013600
1111013700,μ„μΈνΉλ³„μ‹ μΆ…λ΅κµ¬ λ‚™μ›λ™,1111000000,37,,,,λ‚™μ›λ™,1111013700,1111013700
1111013800,μ„μΈνΉλ³„μ‹ μΆ…λ΅κµ¬ μΆ…λ΅2κ°€,1111000000,38,,,,μΆ…λ΅2κ°€,1111013800,1111013800
1111013900,μ„μΈνΉλ³„μ‹ μΆ…λ΅κµ¬ ν”νλ™,1111000000,39,,,,ν”νλ™,1111013900,1111013900
1111014000,μ„μΈνΉλ³„μ‹ μΆ…λ΅κµ¬ μ‚Όμ²­λ™,1111000000,40,,,,μ‚Όμ²­λ™,1111014000,1111014000
1111014100,μ„μΈνΉλ³„μ‹ μΆ…λ΅κµ¬ μ•κµ­λ™,1111000000,41,,,,μ•κµ­λ™,1111014100,1111014100
1111014200,μ„μΈνΉλ³„μ‹ μΆ…λ΅κµ¬ μ†κ²©λ™,1111000000,42,,,,μ†κ²©λ™,1111014200,1111014200
1111014300,μ„μΈνΉλ³„μ‹ μΆ…λ΅κµ¬ ν™”λ™,1111000000,43,,,,ν™”λ™,1111014300,1111014300
1111014400,μ„μΈνΉλ³„μ‹ μΆ…λ΅κµ¬ μ‚¬κ°„λ™,1111000000,44,,,,μ‚¬κ°„λ™,1111014400,1111014400
1111014500,μ„μΈνΉλ³„μ‹ μΆ…λ΅κµ¬ μ†΅ν„λ™,1111000000,45,,,,μ†΅ν„λ™,1111014500,1111014500
1111014600,μ„μΈνΉλ³„μ‹ μΆ…λ΅κµ¬ κ°€νλ™,1111000000,46,,,,κ°€νλ™,1111014600,1111014600
1111014700,μ„μΈνΉλ³„μ‹ μΆ…λ΅κµ¬ μ¬λ™,1111000000,47,,,,μ¬λ™,1111014700,1111014700
1111014800,μ„μΈνΉλ³„μ‹ μΆ…λ΅κµ¬ κ³„λ™,1111000000,48,,,,κ³„λ™,1111014800,1111014800
1111014900,μ„μΈνΉλ³„μ‹ μΆ…λ΅κµ¬ μ›μ„λ™,1111000000,49,,,,μ›μ„λ™,1111014900,1111014900
1111015000,μ„μΈνΉλ³„μ‹ μΆ…λ΅κµ¬ ν›μ •λ™,1111000000,50,,,,ν›μ •λ™,1111015000,1111015000
1111015100,μ„μΈνΉλ³„μ‹ μΆ…λ΅κµ¬ λ¬λ™,1111000000,51,,,,λ¬λ™,1111015100,1111015100
1111015200,μ„μΈνΉλ³„μ‹ μΆ…λ΅κµ¬ λ΄‰μµλ™,1111000000,52,,,,λ΄‰μµλ™,1111015200,1111015200
1111015300,μ„μΈνΉλ³„μ‹ μΆ…λ΅κµ¬ λμλ™,1111000000,53,,,,λμλ™,1111015300,1111015300
1111015400,μ„μΈνΉλ³„μ‹ μΆ…λ΅κµ¬ μ¥μ‚¬λ™,1111000000,54,,,,μ¥μ‚¬λ™,1111015400,1111015400
1111015500,μ„μΈνΉλ³„μ‹ μΆ…λ΅κµ¬ κ΄€μλ™,1111000000,55,,,,κ΄€μλ™,1111015500,1111015500
1111015600,μ„μΈνΉλ³„μ‹ μΆ…λ΅κµ¬ μΆ…λ΅3κ°€,1111000000,56,,,,μΆ…λ΅3κ°€,1111015600,1111015600
1111015700,μ„μΈνΉλ³„μ‹ μΆ…λ΅κµ¬ μΈμλ™,1111000000,57,,,,μΈμλ™,1111015700,1111015700
1111015800,μ„μΈνΉλ³„μ‹ μΆ…λ΅κµ¬ μμ§€λ™,1111000000,58,,,,μμ§€λ™,1111015800,1111015800
1111015900,μ„μΈνΉλ³„μ‹ μΆ…λ΅κµ¬ μ›λ‚¨λ™,1111000000,59,,,,μ›λ‚¨λ™,1111015900,1111015900
1111016000,μ„μΈνΉλ³„μ‹ μΆ…λ΅κµ¬ μ—°μ§€λ™,1111000000,60,,,,μ—°μ§€λ™,1111016000,1111016000
1111016100,μ„μΈνΉλ³„μ‹ μΆ…λ΅κµ¬ μΆ…λ΅4κ°€,1111000000,61,,,,μΆ…λ΅4κ°€,1111016100,1111016100
1111016200,μ„μΈνΉλ³„μ‹ μΆ…λ΅κµ¬ ν¨μ λ™,1111000000,62,,,,ν¨μ λ™,1111016200,1111016200
1111016300,μ„μΈνΉλ³„μ‹ μΆ…λ΅κµ¬ μΆ…λ΅5κ°€,1111000000,63,,,,μΆ…λ΅5κ°€,1111016300,1111016300
1111016400,μ„μΈνΉλ³„μ‹ μΆ…λ΅κµ¬ μΆ…λ΅6κ°€,1111000000,64,,,,μΆ…λ΅6κ°€,1111016400,1111016400
1111016500,μ„μΈνΉλ³„μ‹ μΆ…λ΅κµ¬ μ΄ν™”λ™,1111000000,65,,,,μ΄ν™”λ™,1111016500,1111016500
1111016600,μ„μΈνΉλ³„μ‹ μΆ…λ΅κµ¬ μ—°κ±΄λ™,1111000000,66,,,,μ—°κ±΄λ™,1111016600,1111016600
1111016700,μ„μΈνΉλ³„μ‹ μΆ…λ΅κµ¬ μ¶©μ‹ λ™,1111000000,67,,,,μ¶©μ‹ λ™,1111016700,1111016700
1111016800,μ„μΈνΉλ³„μ‹ μΆ…λ΅κµ¬ λ™μ­λ™,1111000000,68,,,,λ™μ­λ™,1111016800,1111016800
1111016900,μ„μΈνΉλ³„μ‹ μΆ…λ΅κµ¬ νν™”λ™,1111000000,69,,,,νν™”λ™,1111016900,1111016900
1111017000,μ„μΈνΉλ³„μ‹ μΆ…λ΅κµ¬ λ…λ¥1κ°€,1111000000,70,,,,λ…λ¥1κ°€,1111017000,1111017000
1111017100,μ„μΈνΉλ³„μ‹ μΆ…λ΅κµ¬ λ…λ¥2κ°€,1111000000,71,,,,λ…λ¥2κ°€,1111017100,1111017100
1111017200,μ„μΈνΉλ³„μ‹ μΆ…λ΅κµ¬ λ…λ¥4κ°€,1111000000,72,,,,λ…λ¥4κ°€,1111017200,1111017200
1111017300,μ„μΈνΉλ³„μ‹ μΆ…λ΅κµ¬ λ…λ¥3κ°€,1111000000,73,,,,λ…λ¥3κ°€,1111017300,1111017300
1111017400,μ„μΈνΉλ³„μ‹ μΆ…λ΅κµ¬ μ°½μ‹ λ™,1111000000,74,,,,μ°½μ‹ λ™,1111017400,1111017400
1111017500,μ„μΈνΉλ³„μ‹ μΆ…λ΅κµ¬ μ­μΈλ™,1111000000,75,,,,μ­μΈλ™,1111017500,1111017500
1111017600,μ„μΈνΉλ³„μ‹ μΆ…λ΅κµ¬ κµλ‚¨λ™,1111000000,76,,,,κµλ‚¨λ™,1111017600,1111017600
1111017700,μ„μΈνΉλ³„μ‹ μΆ…λ΅κµ¬ ν‰λ™,1111000000,77,,,,ν‰λ™,1111017700,1111017700
1111017800,μ„μΈνΉλ³„μ‹ μΆ…λ΅κµ¬ μ†΅μ›”λ™,1111000000,78,,,,μ†΅μ›”λ™,1111017800,1111017800
1111017900,μ„μΈνΉλ³„μ‹ μΆ…λ΅κµ¬ ν™νλ™,1111000000,79,,,,ν™νλ™,1111017900,1111017900
1111018000,μ„μΈνΉλ³„μ‹ μΆ…λ΅κµ¬ κµλ¶λ™,1111000000,80,,,,κµλ¶λ™,1111018000,1111018000
1111018100,μ„μΈνΉλ³„μ‹ μΆ…λ΅κµ¬ ν–‰μ΄λ™,1111000000,81,,,,ν–‰μ΄λ™,1111018100,1111018100
1111018200,μ„μΈνΉλ³„μ‹ μΆ…λ΅κµ¬ κµ¬κΈ°λ™,1111000000,82,,,,κµ¬κΈ°λ™,1111018200,1111018200
1111018300,μ„μΈνΉλ³„μ‹ μΆ…λ΅κµ¬ ν‰μ°½λ™,1111000000,83,,,,ν‰μ°½λ™,1111018300,1111018300
1111018400,μ„μΈνΉλ³„μ‹ μΆ…λ΅κµ¬ λ¶€μ•”λ™,1111000000,84,,,,λ¶€μ•”λ™,1111018400,1111018400
1111018500,μ„μΈνΉλ³„μ‹ μΆ…λ΅κµ¬ ν™μ§€λ™,1111000000,85,,,,ν™μ§€λ™,1111018500,1111018500
1111018600,μ„μΈνΉλ³„μ‹ μΆ…λ΅κµ¬ μ‹ μλ™,1111000000,86,,,,μ‹ μλ™,1111018600,1111018600
1111018700,μ„μΈνΉλ³„μ‹ μΆ…λ΅κµ¬ λ¬΄μ•…λ™,1111000000,87,,,,λ¬΄μ•…λ™,1111018700,1111018700
1114000000,μ„μΈνΉλ³„μ‹ μ¤‘κµ¬,1100000000,02,,,,μ¤‘κµ¬,1114000000,1114000000
1114010100,μ„μΈνΉλ³„μ‹ μ¤‘κµ¬ λ¬΄κµλ™,1114000000,01,,,,λ¬΄κµλ™,1114010100,1114010100
1114010200,μ„μΈνΉλ³„μ‹ μ¤‘κµ¬ λ‹¤λ™,1114000000,02,,,,λ‹¤λ™,1114010200,1114010200
1114010300,μ„μΈνΉλ³„μ‹ μ¤‘κµ¬ νƒν‰λ΅1κ°€,1114000000,03,,,,νƒν‰λ΅1κ°€,1114010300,1114010300
1114010400,μ„μΈνΉλ³„μ‹ μ¤‘κµ¬ μ„μ§€λ΅1κ°€,1114000000,04,,,,μ„μ§€λ΅1κ°€,1114010400,1114010400
1114010500,μ„μΈνΉλ³„μ‹ μ¤‘κµ¬ μ„μ§€λ΅2κ°€,1114000000,05,,,,μ„μ§€λ΅2κ°€,1114010500,1114010500
1114010600,μ„μΈνΉλ³„μ‹ μ¤‘κµ¬ λ‚¨λ€λ¬Έλ΅1κ°€,1114000000,06,,,,λ‚¨λ€λ¬Έλ΅1κ°€,1114010600,1114010600
1114010700,μ„μΈνΉλ³„μ‹ μ¤‘κµ¬ μ‚Όκ°λ™,1114000000,07,,,,μ‚Όκ°λ™,1114010700,1114010700
1114010800,μ„μΈνΉλ³„μ‹ μ¤‘κµ¬ μν•λ™,1114000000,08,,,,μν•λ™,1114010800,1114010800
1114010900,μ„μΈνΉλ³„μ‹ μ¤‘κµ¬ μ¥κµλ™,1114000000,09,,,,μ¥κµλ™,1114010900,1114010900
1114011000,μ„μΈνΉλ³„μ‹ μ¤‘κµ¬ μν‘λ™,1114000000,10,,,,μν‘λ™,1114011000,1114011000
1114011100,μ„μΈνΉλ³„μ‹ μ¤‘κµ¬ μ†κ³µλ™,1114000000,11,,,,μ†κ³µλ™,1114011100,1114011100
1114011200,μ„μΈνΉλ³„μ‹ μ¤‘κµ¬ λ‚¨μ°½λ™,1114000000,12,,,,λ‚¨μ°½λ™,1114011200,1114011200
1114011300,μ„μΈνΉλ³„μ‹ μ¤‘κµ¬ λ¶μ°½λ™,1114000000,13,,,,λ¶μ°½λ™,1114011300,1114011300
1114011400,μ„μΈνΉλ³„μ‹ μ¤‘κµ¬ νƒν‰λ΅2κ°€,1114000000,14,,,,νƒν‰λ΅2κ°€,1114011400,1114011400
1114011500,μ„μΈνΉλ³„μ‹ μ¤‘κµ¬ λ‚¨λ€λ¬Έλ΅2κ°€,1114000000,15,,,,λ‚¨λ€λ¬Έλ΅2κ°€,1114011500,1114011500
1114011600,μ„μΈνΉλ³„μ‹ μ¤‘κµ¬ λ‚¨λ€λ¬Έλ΅3κ°€,1114000000,16,,,,λ‚¨λ€λ¬Έλ΅3κ°€,1114011600,1114011600
1114011700,μ„μΈνΉλ³„μ‹ μ¤‘κµ¬ λ‚¨λ€λ¬Έλ΅4κ°€,1114000000,17,,,,λ‚¨λ€λ¬Έλ΅4κ°€,1114011700,1114011700
1114011800,μ„μΈνΉλ³„μ‹ μ¤‘κµ¬ λ‚¨λ€λ¬Έλ΅5κ°€,1114000000,18,,,,λ‚¨λ€λ¬Έλ΅5κ°€,1114011800,1114011800
1114011900,μ„μΈνΉλ³„μ‹ μ¤‘κµ¬ λ΄‰λλ™1κ°€,1114000000,19,,,,λ΄‰λλ™1κ°€,1114011900,1114011900
1114012000,μ„μΈνΉλ³„μ‹ μ¤‘κµ¬ λ΄‰λλ™2κ°€,1114000000,20,,,,λ΄‰λλ™2κ°€,1114012000,1114012000
1114012100,μ„μΈνΉλ³„μ‹ μ¤‘κµ¬ νν„λ™1κ°€,1114000000,21,,,,νν„λ™1κ°€,1114012100,1114012100
1114012200,μ„μΈνΉλ³„μ‹ μ¤‘κµ¬ νν„λ™2κ°€,1114000000,22,,,,νν„λ™2κ°€,1114012200,1114012200
1114012300,μ„μΈνΉλ³„μ‹ μ¤‘κµ¬ νν„λ™3κ°€,1114000000,23,,,,νν„λ™3κ°€,1114012300,1114012300
1114012400,μ„μΈνΉλ³„μ‹ μ¤‘κµ¬ μ¶©λ¬΄λ΅1κ°€,1114000000,24,,,,μ¶©λ¬΄λ΅1κ°€,1114012400,1114012400
1114012500,μ„μΈνΉλ³„μ‹ μ¤‘κµ¬ μ¶©λ¬΄λ΅2κ°€,1114000000,25,,,,μ¶©λ¬΄λ΅2κ°€,1114012500,1114012500
1114012600,μ„μΈνΉλ³„μ‹ μ¤‘κµ¬ λ…λ™1κ°€,1114000000,26,,,,λ…λ™1κ°€,1114012600,1114012600
1114012700,μ„μΈνΉλ³„μ‹ μ¤‘κµ¬ λ…λ™2κ°€,1114000000,27,,,,λ…λ™2κ°€,1114012700,1114012700
1114012800,μ„μΈνΉλ³„μ‹ μ¤‘κµ¬ λ‚¨μ‚°λ™1κ°€,1114000000,28,,,,λ‚¨μ‚°λ™1κ°€,1114012800,1114012800
1114012900,μ„μΈνΉλ³„μ‹ μ¤‘κµ¬ λ‚¨μ‚°λ™2κ°€,1114000000,29,,,,λ‚¨μ‚°λ™2κ°€,1114012900,1114012900
1114013000,μ„μΈνΉλ³„μ‹ μ¤‘κµ¬ λ‚¨μ‚°λ™3κ°€,1114000000,30,,,,λ‚¨μ‚°λ™3κ°€,1114013000,1114013000
1114013100,μ„μΈνΉλ³„μ‹ μ¤‘κµ¬ μ €λ™1κ°€,1114000000,31,,,,μ €λ™1κ°€,1114013100,1114013100
1114013200,μ„μΈνΉλ³„μ‹ μ¤‘κµ¬ μ¶©λ¬΄λ΅4κ°€,1114000000,32,,,,μ¶©λ¬΄λ΅4κ°€,1114013200,1114013200
1114013300,μ„μΈνΉλ³„μ‹ μ¤‘κµ¬ μ¶©λ¬΄λ΅5κ°€,1114000000,33,,,,μ¶©λ¬΄λ΅5κ°€,1114013300,1114013300
1114013400,μ„μΈνΉλ³„μ‹ μ¤‘κµ¬ μΈν„λ™2κ°€,1114000000,34,,,,μΈν„λ™2κ°€,1114013400,1114013400
1114013500,μ„μΈνΉλ³„μ‹ μ¤‘κµ¬ μκ΄€λ™,1114000000,35,,,,μκ΄€λ™,1114013500,1114013500
1114013600,μ„μΈνΉλ³„μ‹ μ¤‘κµ¬ λ¬µμ •λ™,1114000000,36,,,,λ¬µμ •λ™,1114013600,1114013600
1114013700,μ„μΈνΉλ³„μ‹ μ¤‘κµ¬ ν•„λ™1κ°€,1114000000,37,,,,ν•„λ™1κ°€,1114013700,1114013700
1114013800,μ„μΈνΉλ³„μ‹ μ¤‘κµ¬ ν•„λ™2κ°€,1114000000,38,,,,ν•„λ™2κ°€,1114013800,1114013800
1114013900,μ„μΈνΉλ³„μ‹ μ¤‘κµ¬ ν•„λ™3κ°€,1114000000,39,,,,ν•„λ™3κ°€,1114013900,1114013900
1114014000,μ„μΈνΉλ³„μ‹ μ¤‘κµ¬ λ‚¨ν•™λ™,1114000000,40,,,,λ‚¨ν•™λ™,1114014000,1114014000
1114014100,μ„μΈνΉλ³„μ‹ μ¤‘κµ¬ μ£Όμλ™,1114000000,41,,,,μ£Όμλ™,1114014100,1114014100
1114014200,μ„μΈνΉλ³„μ‹ μ¤‘κµ¬ μμ¥λ™,1114000000,42,,,,μμ¥λ™,1114014200,1114014200
1114014300,μ„μΈνΉλ³„μ‹ μ¤‘κµ¬ μ¥μ¶©λ™1κ°€,1114000000,43,,,,μ¥μ¶©λ™1κ°€,1114014300,1114014300
1114014400,μ„μΈνΉλ³„μ‹ μ¤‘κµ¬ μ¥μ¶©λ™2κ°€,1114000000,44,,,,μ¥μ¶©λ™2κ°€,1114014400,1114014400
1114014500,μ„μΈνΉλ³„μ‹ μ¤‘κµ¬ κ΄‘ν¬λ™1κ°€,1114000000,45,,,,κ΄‘ν¬λ™1κ°€,1114014500,1114014500
1114014600,μ„μΈνΉλ³„μ‹ μ¤‘κµ¬ κ΄‘ν¬λ™2κ°€,1114000000,46,,,,κ΄‘ν¬λ™2κ°€,1114014600,1114014600
1114014700,μ„μΈνΉλ³„μ‹ μ¤‘κµ¬ μλ¦Όλ™,1114000000,47,,,,μλ¦Όλ™,1114014700,1114014700
1114014800,μ„μΈνΉλ³„μ‹ μ¤‘κµ¬ μ„μ§€λ΅6κ°€,1114000000,48,,,,μ„μ§€λ΅6κ°€,1114014800,1114014800
1114014900,μ„μΈνΉλ³„μ‹ μ¤‘κµ¬ μ„μ§€λ΅7κ°€,1114000000,49,,,,μ„μ§€λ΅7κ°€,1114014900,1114014900
1114015000,μ„μΈνΉλ³„μ‹ μ¤‘κµ¬ μ„μ§€λ΅4κ°€,1114000000,50,,,,μ„μ§€λ΅4κ°€,1114015000,1114015000
1114015100,μ„μΈνΉλ³„μ‹ μ¤‘κµ¬ μ„μ§€λ΅5κ°€,1114000000,51,,,,μ„μ§€λ΅5κ°€,1114015100,1114015100
1114015200,μ„μΈνΉλ³„μ‹ μ¤‘κµ¬ μ£Όκµλ™,1114000000,52,,,,μ£Όκµλ™,1114015200,1114015200
1114015300,μ„μΈνΉλ³„μ‹ μ¤‘κµ¬ λ°©μ‚°λ™,1114000000,53,,,,λ°©μ‚°λ™,1114015300,1114015300
1114015400,μ„μΈνΉλ³„μ‹ μ¤‘κµ¬ μ¤μ¥λ™,1114000000,54,,,,μ¤μ¥λ™,1114015400,1114015400
1114015500,μ„μΈνΉλ³„μ‹ μ¤‘κµ¬ μ„μ§€λ΅3κ°€,1114000000,55,,,,μ„μ§€λ΅3κ°€,1114015500,1114015500
1114015600,μ„μΈνΉλ³„μ‹ μ¤‘κµ¬ μ…μ •λ™,1114000000,56,,,,μ…μ •λ™,1114015600,1114015600
1114015700,μ„μΈνΉλ³„μ‹ μ¤‘κµ¬ μ‚°λ¦Όλ™,1114000000,57,,,,μ‚°λ¦Όλ™,1114015700,1114015700
1114015800,μ„μΈνΉλ³„μ‹ μ¤‘κµ¬ μ¶©λ¬΄λ΅3κ°€,1114000000,58,,,,μ¶©λ¬΄λ΅3κ°€,1114015800,1114015800
1114015900,μ„μΈνΉλ³„μ‹ μ¤‘κµ¬ μ΄λ™,1114000000,59,,,,μ΄λ™,1114015900,1114015900
1114016000,μ„μΈνΉλ³„μ‹ μ¤‘κµ¬ μΈν„λ™1κ°€,1114000000,60,,,,μΈν„λ™1κ°€,1114016000,1114016000
1114016100,μ„μΈνΉλ³„μ‹ μ¤‘κµ¬ μ €λ™2κ°€,1114000000,61,,,,μ €λ™2κ°€,1114016100,1114016100
1114016200,μ„μΈνΉλ³„μ‹ μ¤‘κµ¬ μ‹ λ‹Ήλ™,1114000000,62,,,,μ‹ λ‹Ήλ™,1114016200,1114016200
1114016300,μ„μΈνΉλ³„μ‹ μ¤‘κµ¬ ν¥μΈλ™,1114000000,63,,,,ν¥μΈλ™,1114016300,1114016300
1114016400,μ„μΈνΉλ³„μ‹ μ¤‘κµ¬ λ¬΄ν•™λ™,1114000000,64,,,,λ¬΄ν•™λ™,1114016400,1114016400
1114016500,μ„μΈνΉλ³„μ‹ μ¤‘κµ¬ ν™©ν•™λ™,1114000000,65,,,,ν™©ν•™λ™,1114016500,1114016500
1114016600,μ„μΈνΉλ³„μ‹ μ¤‘κµ¬ μ„μ†λ¬Έλ™,1114000000,66,,,,μ„μ†λ¬Έλ™,1114016600,1114016600
1114016700,μ„μΈνΉλ³„μ‹ μ¤‘κµ¬ μ •λ™,1114000000,67,,,,μ •λ™,1114016700,1114016700
1114016800,μ„μΈνΉλ³„μ‹ μ¤‘κµ¬ μν™”λ™,1114000000,68,,,,μν™”λ™,1114016800,1114016800
1114016900,μ„μΈνΉλ³„μ‹ μ¤‘κµ¬ μμ£Όλ΅1κ°€,1114000000,69,,,,μμ£Όλ΅1κ°€,1114016900,1114016900
1114017000,μ„μΈνΉλ³„μ‹ μ¤‘κµ¬ μ¶©μ •λ΅1κ°€,1114000000,70,,,,μ¶©μ •λ΅1κ°€,1114017000,1114017000
1114017100,μ„μΈνΉλ³„μ‹ μ¤‘κµ¬ μ¤‘λ¦Όλ™,1114000000,71,,,,μ¤‘λ¦Όλ™,1114017100,1114017100
1114017200,μ„μΈνΉλ³„μ‹ μ¤‘κµ¬ μμ£Όλ΅2κ°€,1114000000,72,,,,μμ£Όλ΅2κ°€,1114017200,1114017200
1114017300,μ„μΈνΉλ³„μ‹ μ¤‘κµ¬ λ§λ¦¬λ™1κ°€,1114000000,73,,,,λ§λ¦¬λ™1κ°€,1114017300,1114017300
1114017400,μ„μΈνΉλ³„μ‹ μ¤‘κµ¬ λ§λ¦¬λ™2κ°€,1114000000,74,,,,λ§λ¦¬λ™2κ°€,1114017400,1114017400
1117000000,μ„μΈνΉλ³„μ‹ μ©μ‚°κµ¬,1100000000,03,,,,μ©μ‚°κµ¬,1117000000,1117000000
1117010100,μ„μΈνΉλ³„μ‹ μ©μ‚°κµ¬ ν›„μ•”λ™,1117000000,01,,,,ν›„μ•”λ™,1117010100,1117010100
1117010200,μ„μΈνΉλ³„μ‹ μ©μ‚°κµ¬ μ©μ‚°λ™2κ°€,1117000000,02,,,,μ©μ‚°λ™2κ°€,1117010200,1117010200
1117010300,μ„μΈνΉλ³„μ‹ μ©μ‚°κµ¬ μ©μ‚°λ™4κ°€,1117000000,03,,,,μ©μ‚°λ™4κ°€,1117010300,1117010300
1117010400,μ„μΈνΉλ³„μ‹ μ©μ‚°κµ¬ κ°μ›”λ™,1117000000,04,,,,κ°μ›”λ™,1117010400,1117010400
1117010500,μ„μΈνΉλ³„μ‹ μ©μ‚°κµ¬ λ‚¨μλ™,1117000000,05,,,,λ‚¨μλ™,1117010500,1117010500
1117010600,μ„μΈνΉλ³„μ‹ μ©μ‚°κµ¬ μ©μ‚°λ™1κ°€,1117000000,06,,,,μ©μ‚°λ™1κ°€,1117010600,1117010600
1117010700,μ„μΈνΉλ³„μ‹ μ©μ‚°κµ¬ λ™μλ™,1117000000,07,,,,λ™μλ™,1117010700,1117010700
1117010800,μ„μΈνΉλ³„μ‹ μ©μ‚°κµ¬ μ„κ³„λ™,1117000000,08,,,,μ„κ³„λ™,1117010800,1117010800
1117010900,μ„μΈνΉλ³„μ‹ μ©μ‚°κµ¬ μ²­νλ™1κ°€,1117000000,09,,,,μ²­νλ™1κ°€,1117010900,1117010900
1117011000,μ„μΈνΉλ³„μ‹ μ©μ‚°κµ¬ μ²­νλ™2κ°€,1117000000,10,,,,μ²­νλ™2κ°€,1117011000,1117011000
1117011100,μ„μΈνΉλ³„μ‹ μ©μ‚°κµ¬ μ²­νλ™3κ°€,1117000000,11,,,,μ²­νλ™3κ°€,1117011100,1117011100
1117011200,μ„μΈνΉλ³„μ‹ μ©μ‚°κµ¬ μ›ν¨λ΅1κ°€,1117000000,12,,,,μ›ν¨λ΅1κ°€,1117011200,1117011200
1117011300,μ„μΈνΉλ³„μ‹ μ©μ‚°κµ¬ μ›ν¨λ΅2κ°€,1117000000,13,,,,μ›ν¨λ΅2κ°€,1117011300,1117011300
1117011400,μ„μΈνΉλ³„μ‹ μ©μ‚°κµ¬ μ‹ μ°½λ™,1117000000,14,,,,μ‹ μ°½λ™,1117011400,1117011400
1117011500,μ„μΈνΉλ³„μ‹ μ©μ‚°κµ¬ μ‚°μ²λ™,1117000000,15,,,,μ‚°μ²λ™,1117011500,1117011500
1117011600,μ„μΈνΉλ³„μ‹ μ©μ‚°κµ¬ μ²­μ•”λ™,1117000000,16,,,,μ²­μ•”λ™,1117011600,1117011600
1117011700,μ„μΈνΉλ³„μ‹ μ©μ‚°κµ¬ μ›ν¨λ΅3κ°€,1117000000,17,,,,μ›ν¨λ΅3κ°€,1117011700,1117011700
1117011800,μ„μΈνΉλ³„μ‹ μ©μ‚°κµ¬ μ›ν¨λ΅4κ°€,1117000000,18,,,,μ›ν¨λ΅4κ°€,1117011800,1117011800
1117011900,μ„μΈνΉλ³„μ‹ μ©μ‚°κµ¬ ν¨μ°½λ™,1117000000,19,,,,ν¨μ°½λ™,1117011900,1117011900
1117012000,μ„μΈνΉλ³„μ‹ μ©μ‚°κµ¬ λ„μ›λ™,1117000000,20,,,,λ„μ›λ™,1117012000,1117012000
1117012100,μ„μΈνΉλ³„μ‹ μ©μ‚°κµ¬ μ©λ¬Έλ™,1117000000,21,,,,μ©λ¬Έλ™,1117012100,1117012100
1117012200,μ„μΈνΉλ³„μ‹ μ©μ‚°κµ¬ λ¬Έλ°°λ™,1117000000,22,,,,λ¬Έλ°°λ™,1117012200,1117012200
1117012300,μ„μΈνΉλ³„μ‹ μ©μ‚°κµ¬ μ‹ κ³„λ™,1117000000,23,,,,μ‹ κ³„λ™,1117012300,1117012300
1117012400,μ„μΈνΉλ³„μ‹ μ©μ‚°κµ¬ ν•κ°•λ΅1κ°€,1117000000,24,,,,ν•κ°•λ΅1κ°€,1117012400,1117012400
1117012500,μ„μΈνΉλ³„μ‹ μ©μ‚°κµ¬ ν•κ°•λ΅2κ°€,1117000000,25,,,,ν•κ°•λ΅2κ°€,1117012500,1117012500
1117012600,μ„μΈνΉλ³„μ‹ μ©μ‚°κµ¬ μ©μ‚°λ™3κ°€,1117000000,26,,,,μ©μ‚°λ™3κ°€,1117012600,1117012600
1117012700,μ„μΈνΉλ³„μ‹ μ©μ‚°κµ¬ μ©μ‚°λ™5κ°€,1117000000,27,,,,μ©μ‚°λ™5κ°€,1117012700,1117012700
1117012800,μ„μΈνΉλ³„μ‹ μ©μ‚°κµ¬ ν•κ°•λ΅3κ°€,1117000000,28,,,,ν•κ°•λ΅3κ°€,1117012800,1117012800
1117012900,μ„μΈνΉλ³„μ‹ μ©μ‚°κµ¬ μ΄μ΄λ™,1117000000,29,,,,μ΄μ΄λ™,1117012900,1117012900
1117013000,μ„μΈνΉλ³„μ‹ μ©μ‚°κµ¬ μ΄νƒμ›λ™,1117000000,30,,,,μ΄νƒμ›λ™,1117013000,1117013000
1117013100,μ„μΈνΉλ³„μ‹ μ©μ‚°κµ¬ ν•λ‚¨λ™,1117000000,31,,,,ν•λ‚¨λ™,1117013100,1117013100
1117013200,μ„μΈνΉλ³„μ‹ μ©μ‚°κµ¬ λ™λΉ™κ³ λ™,1117000000,32,,,,λ™λΉ™κ³ λ™,1117013200,1117013200
1117013300,μ„μΈνΉλ³„μ‹ μ©μ‚°κµ¬ μ„λΉ™κ³ λ™,1117000000,33,,,,μ„λΉ™κ³ λ™,1117013300,1117013300
1117013400,μ„μΈνΉλ³„μ‹ μ©μ‚°κµ¬ μ£Όμ„±λ™,1117000000,34,,,,μ£Όμ„±λ™,1117013400,1117013400
1117013500,μ„μΈνΉλ³„μ‹ μ©μ‚°κµ¬ μ©μ‚°λ™6κ°€,1117000000,35,,,,μ©μ‚°λ™6κ°€,1117013500,1117013500
1117013600,μ„μΈνΉλ³„μ‹ μ©μ‚°κµ¬ λ³΄κ΄‘λ™,1117000000,36,,,,λ³΄κ΄‘λ™,1117013600,1117013600
1120000000,μ„μΈνΉλ³„μ‹ μ„±λ™κµ¬,1100000000,04,,,,μ„±λ™κµ¬,1120000000,1120000000
1120010100,μ„μΈνΉλ³„μ‹ μ„±λ™κµ¬ μƒμ™•μ‹­λ¦¬λ™,1120000000,01,,,,μƒμ™•μ‹­λ¦¬λ™,1120010100,1120010100
1120010200,μ„μΈνΉλ³„μ‹ μ„±λ™κµ¬ ν•μ™•μ‹­λ¦¬λ™,1120000000,02,,,,ν•μ™•μ‹­λ¦¬λ™,1120010200,1120010200
1120010300,μ„μΈνΉλ³„μ‹ μ„±λ™κµ¬ ν™μµλ™,1120000000,03,,,,ν™μµλ™,1120010300,1120010300
1120010400,μ„μΈνΉλ³„μ‹ μ„±λ™κµ¬ λ„μ„ λ™,1120000000,04,,,,λ„μ„ λ™,1120010400,1120010400
1120010500,μ„μΈνΉλ³„μ‹ μ„±λ™κµ¬ λ§μ¥λ™,1120000000,05,,,,λ§μ¥λ™,1120010500,1120010500
1120010600,μ„μΈνΉλ³„μ‹ μ„±λ™κµ¬ μ‚¬κ·Όλ™,1120000000,06,,,,μ‚¬κ·Όλ™,1120010600,1120010600
1120010700,μ„μΈνΉλ³„μ‹ μ„±λ™κµ¬ ν–‰λ‹Ήλ™,1120000000,07,,,,ν–‰λ‹Ήλ™,1120010700,1120010700
1120010800,μ„μΈνΉλ³„μ‹ μ„±λ™κµ¬ μ‘λ΄‰λ™,1120000000,08,,,,μ‘λ΄‰λ™,1120010800,1120010800
1120010900,μ„μΈνΉλ³„μ‹ μ„±λ™κµ¬ κΈνΈλ™1κ°€,1120000000,09,,,,κΈνΈλ™1κ°€,1120010900,1120010900
1120011000,μ„μΈνΉλ³„μ‹ μ„±λ™κµ¬ κΈνΈλ™2κ°€,1120000000,10,,,,κΈνΈλ™2κ°€,1120011000,1120011000
1120011100,μ„μΈνΉλ³„μ‹ μ„±λ™κµ¬ κΈνΈλ™3κ°€,1120000000,11,,,,κΈνΈλ™3κ°€,1120011100,1120011100
1120011200,μ„μΈνΉλ³„μ‹ μ„±λ™κµ¬ κΈνΈλ™4κ°€,1120000000,12,,,,κΈνΈλ™4κ°€,1120011200,1120011200
1120011300,μ„μΈνΉλ³„μ‹ μ„±λ™κµ¬ μ¥μλ™,1120000000,13,,,,μ¥μλ™,1120011300,1120011300
1120011400,μ„μΈνΉλ³„μ‹ μ„±λ™κµ¬ μ„±μλ™1κ°€,1120000000,14,,,,μ„±μλ™1κ°€,1120011400,1120011400
1120011500,μ„μΈνΉλ³„μ‹ μ„±λ™κµ¬ μ„±μλ™2κ°€,1120000000,15,,,,μ„±μλ™2κ°€,1120011500,1120011500
1120011800,μ„μΈνΉλ³„μ‹ μ„±λ™κµ¬ μ†΅μ •λ™,1120000000,16,,,,μ†΅μ •λ™,1120011800,1120011800
1120012200,μ„μΈνΉλ³„μ‹ μ„±λ™κµ¬ μ©λ‹µλ™,1120000000,17,,,,μ©λ‹µλ™,1120012200,1120012200
1121500000,μ„μΈνΉλ³„μ‹ κ΄‘μ§„κµ¬,1100000000,05,,,,κ΄‘μ§„κµ¬,1121500000,1121500000
1121510100,μ„μΈνΉλ³„μ‹ κ΄‘μ§„κµ¬ μ¤‘κ³΅λ™,1121500000,01,,,,μ¤‘κ³΅λ™,1121510100,1121510100
1121510200,μ„μΈνΉλ³„μ‹ κ΄‘μ§„κµ¬ λ¥λ™,1121500000,02,,,,λ¥λ™,1121510200,1121510200
1121510300,μ„μΈνΉλ³„μ‹ κ΄‘μ§„κµ¬ κµ¬μλ™,1121500000,03,,,,κµ¬μλ™,1121510300,1121510300
1121510400,μ„μΈνΉλ³„μ‹ κ΄‘μ§„κµ¬ κ΄‘μ¥λ™,1121500000,04,,,,κ΄‘μ¥λ™,1121510400,1121510400
1121510500,μ„μΈνΉλ³„μ‹ κ΄‘μ§„κµ¬ μμ–‘λ™,1121500000,05,,,,μμ–‘λ™,1121510500,1121510500
1121510700,μ„μΈνΉλ³„μ‹ κ΄‘μ§„κµ¬ ν™”μ–‘λ™,1121500000,07,,,,ν™”μ–‘λ™,1121510700,1121510700
1121510900,μ„μΈνΉλ³„μ‹ κ΄‘μ§„κµ¬ κµ°μλ™,1121500000,09,,,,κµ°μλ™,1121510900,1121510900
1123000000,μ„μΈνΉλ³„μ‹ λ™λ€λ¬Έκµ¬,1100000000,06,,,,λ™λ€λ¬Έκµ¬,1123000000,1123000000
1123010100,μ„μΈνΉλ³„μ‹ λ™λ€λ¬Έκµ¬ μ‹ μ„¤λ™,1123000000,01,,,,μ‹ μ„¤λ™,1123010100,1123010100
1123010200,μ„μΈνΉλ³„μ‹ λ™λ€λ¬Έκµ¬ μ©λ‘λ™,1123000000,02,,,,μ©λ‘λ™,1123010200,1123010200
1123010300,μ„μΈνΉλ³„μ‹ λ™λ€λ¬Έκµ¬ μ κΈ°λ™,1123000000,03,,,,μ κΈ°λ™,1123010300,1123010300
1123010400,μ„μΈνΉλ³„μ‹ λ™λ€λ¬Έκµ¬ μ „λ†λ™,1123000000,04,,,,μ „λ†λ™,1123010400,1123010400
1123010500,μ„μΈνΉλ³„μ‹ λ™λ€λ¬Έκµ¬ λ‹µμ‹­λ¦¬λ™,1123000000,05,,,,λ‹µμ‹­λ¦¬λ™,1123010500,1123010500
1123010600,μ„μΈνΉλ³„μ‹ λ™λ€λ¬Έκµ¬ μ¥μ•λ™,1123000000,06,,,,μ¥μ•λ™,1123010600,1123010600
1123010700,μ„μΈνΉλ³„μ‹ λ™λ€λ¬Έκµ¬ μ²­λ‰λ¦¬λ™,1123000000,07,,,,μ²­λ‰λ¦¬λ™,1123010700,1123010700
1123010800,μ„μΈνΉλ³„μ‹ λ™λ€λ¬Έκµ¬ νκΈ°λ™,1123000000,08,,,,νκΈ°λ™,1123010800,1123010800
1123010900,μ„μΈνΉλ³„μ‹ λ™λ€λ¬Έκµ¬ νκ²½λ™,1123000000,09,,,,νκ²½λ™,1123010900,1123010900
1123011000,μ„μΈνΉλ³„μ‹ λ™λ€λ¬Έκµ¬ μ΄λ¬Έλ™,1123000000,10,,,,μ΄λ¬Έλ™,1123011000,1123011000
1126000000,μ„μΈνΉλ³„μ‹ μ¤‘λ‘κµ¬,1100000000,07,,,,μ¤‘λ‘κµ¬,1126000000,1126000000
1126010100,μ„μΈνΉλ³„μ‹ μ¤‘λ‘κµ¬ λ©΄λ©λ™,1126000000,01,,,,λ©΄λ©λ™,1126010100,1126010100
1126010200,μ„μΈνΉλ³„μ‹ μ¤‘λ‘κµ¬ μƒλ΄‰λ™,1126000000,02,,,,μƒλ΄‰λ™,1126010200,1126010200
1126010300,μ„μΈνΉλ³„μ‹ μ¤‘λ‘κµ¬ μ¤‘ν™”λ™,1126000000,03,,,,μ¤‘ν™”λ™,1126010300,1126010300
1126010400,μ„μΈνΉλ³„μ‹ μ¤‘λ‘κµ¬ λ¬µλ™,1126000000,04,,,,λ¬µλ™,1126010400,1126010400
1126010500,μ„μΈνΉλ³„μ‹ μ¤‘λ‘κµ¬ λ§μ°λ™,1126000000,05,,,,λ§μ°λ™,1126010500,1126010500
1126010600,μ„μΈνΉλ³„μ‹ μ¤‘λ‘κµ¬ μ‹ λ‚΄λ™,1126000000,06,,,,μ‹ λ‚΄λ™,1126010600,1126010600
1129000000,μ„μΈνΉλ³„μ‹ μ„±λ¶κµ¬,1100000000,08,,,,μ„±λ¶κµ¬,1129000000,1129000000
1129010100,μ„μΈνΉλ³„μ‹ μ„±λ¶κµ¬ μ„±λ¶λ™,1129000000,01,,,,μ„±λ¶λ™,1129010100,1129010100
1129010200,μ„μΈνΉλ³„μ‹ μ„±λ¶κµ¬ μ„±λ¶λ™1κ°€,1129000000,02,,,,μ„±λ¶λ™1κ°€,1129010200,1129010200
1129010300,μ„μΈνΉλ³„μ‹ μ„±λ¶κµ¬ λμ•”λ™,1129000000,03,,,,λμ•”λ™,1129010300,1129010300
1129010400,μ„μΈνΉλ³„μ‹ μ„±λ¶κµ¬ λ™μ†λ¬Έλ™1κ°€,1129000000,04,,,,λ™μ†λ¬Έλ™1κ°€,1129010400,1129010400
1129010500,μ„μΈνΉλ³„μ‹ μ„±λ¶κµ¬ λ™μ†λ¬Έλ™2κ°€,1129000000,05,,,,λ™μ†λ¬Έλ™2κ°€,1129010500,1129010500
1129010600,μ„μΈνΉλ³„μ‹ μ„±λ¶κµ¬ λ™μ†λ¬Έλ™3κ°€,1129000000,06,,,,λ™μ†λ¬Έλ™3κ°€,1129010600,1129010600
1129010700,μ„μΈνΉλ³„μ‹ μ„±λ¶κµ¬ λ™μ†λ¬Έλ™4κ°€,1129000000,07,,,,λ™μ†λ¬Έλ™4κ°€,1129010700,1129010700
1129010800,μ„μΈνΉλ³„μ‹ μ„±λ¶κµ¬ λ™μ†λ¬Έλ™5κ°€,1129000000,08,,,,λ™μ†λ¬Έλ™5κ°€,1129010800,1129010800
1129010900,μ„μΈνΉλ³„μ‹ μ„±λ¶κµ¬ λ™μ†λ¬Έλ™6κ°€,1129000000,09,,,,λ™μ†λ¬Έλ™6κ°€,1129010900,1129010900
1129011000,μ„μΈνΉλ³„μ‹ μ„±λ¶κµ¬ λ™μ†λ¬Έλ™7κ°€,1129000000,10,,,,λ™μ†λ¬Έλ™7κ°€,1129011000,1129011000
1129011100,μ„μΈνΉλ³„μ‹ μ„±λ¶κµ¬ μ‚Όμ„ λ™1κ°€,1129000000,11,,,,μ‚Όμ„ λ™1κ°€,1129011100,1129011100
1129011200,μ„μΈνΉλ³„μ‹ μ„±λ¶κµ¬ μ‚Όμ„ λ™2κ°€,1129000000,12,,,,μ‚Όμ„ λ™2κ°€,1129011200,1129011200
1129011300,μ„μΈνΉλ³„μ‹ μ„±λ¶κµ¬ μ‚Όμ„ λ™3κ°€,1129000000,13,,,,μ‚Όμ„ λ™3κ°€,1129011300,1129011300
1129011400,μ„μΈνΉλ³„μ‹ μ„±λ¶κµ¬ μ‚Όμ„ λ™4κ°€,1129000000,14,,,,μ‚Όμ„ λ™4κ°€,1129011400,1129011400
1129011500,μ„μΈνΉλ³„μ‹ μ„±λ¶κµ¬ μ‚Όμ„ λ™5κ°€,1129000000,15,,,,μ‚Όμ„ λ™5κ°€,1129011500,1129011500
1129011600,μ„μΈνΉλ³„μ‹ μ„±λ¶κµ¬ λ™μ„ λ™1κ°€,1129000000,16,,,,λ™μ„ λ™1κ°€,1129011600,1129011600
1129011700,μ„μΈνΉλ³„μ‹ μ„±λ¶κµ¬ λ™μ„ λ™2κ°€,1129000000,17,,,,λ™μ„ λ™2κ°€,1129011700,1129011700
1129011800,μ„μΈνΉλ³„μ‹ μ„±λ¶κµ¬ λ™μ„ λ™3κ°€,1129000000,18,,,,λ™μ„ λ™3κ°€,1129011800,1129011800
1129011900,μ„μΈνΉλ³„μ‹ μ„±λ¶κµ¬ λ™μ„ λ™4κ°€,1129000000,19,,,,λ™μ„ λ™4κ°€,1129011900,1129011900
1129012000,μ„μΈνΉλ³„μ‹ μ„±λ¶κµ¬ λ™μ„ λ™5κ°€,1129000000,20,,,,λ™μ„ λ™5κ°€,1129012000,1129012000
1129012100,μ„μΈνΉλ³„μ‹ μ„±λ¶κµ¬ μ•μ•”λ™1κ°€,1129000000,21,,,,μ•μ•”λ™1κ°€,1129012100,1129012100
1129012200,μ„μΈνΉλ³„μ‹ μ„±λ¶κµ¬ μ•μ•”λ™2κ°€,1129000000,22,,,,μ•μ•”λ™2κ°€,1129012200,1129012200
1129012300,μ„μΈνΉλ³„μ‹ μ„±λ¶κµ¬ μ•μ•”λ™3κ°€,1129000000,23,,,,μ•μ•”λ™3κ°€,1129012300,1129012300
1129012400,μ„μΈνΉλ³„μ‹ μ„±λ¶κµ¬ μ•μ•”λ™4κ°€,1129000000,24,,,,μ•μ•”λ™4κ°€,1129012400,1129012400
1129012500,μ„μΈνΉλ³„μ‹ μ„±λ¶κµ¬ μ•μ•”λ™5κ°€,1129000000,25,,,,μ•μ•”λ™5κ°€,1129012500,1129012500
1129012600,μ„μΈνΉλ³„μ‹ μ„±λ¶κµ¬ λ³΄λ¬Έλ™4κ°€,1129000000,26,,,,λ³΄λ¬Έλ™4κ°€,1129012600,1129012600
1129012700,μ„μΈνΉλ³„μ‹ μ„±λ¶κµ¬ λ³΄λ¬Έλ™5κ°€,1129000000,27,,,,λ³΄λ¬Έλ™5κ°€,1129012700,1129012700
1129012800,μ„μΈνΉλ³„μ‹ μ„±λ¶κµ¬ λ³΄λ¬Έλ™6κ°€,1129000000,28,,,,λ³΄λ¬Έλ™6κ°€,1129012800,1129012800
1129012900,μ„μΈνΉλ³„μ‹ μ„±λ¶κµ¬ λ³΄λ¬Έλ™7κ°€,1129000000,29,,,,λ³΄λ¬Έλ™7κ°€,1129012900,1129012900
1129013000,μ„μΈνΉλ³„μ‹ μ„±λ¶κµ¬ λ³΄λ¬Έλ™1κ°€,1129000000,30,,,,λ³΄λ¬Έλ™1κ°€,1129013000,1129013000
1129013100,μ„μΈνΉλ³„μ‹ μ„±λ¶κµ¬ λ³΄λ¬Έλ™2κ°€,1129000000,31,,,,λ³΄λ¬Έλ™2κ°€,1129013100,1129013100
1129013200,μ„μΈνΉλ³„μ‹ μ„±λ¶κµ¬ λ³΄λ¬Έλ™3κ°€,1129000000,32,,,,λ³΄λ¬Έλ™3κ°€,1129013200,1129013200
1129013300,μ„μΈνΉλ³„μ‹ μ„±λ¶κµ¬ μ •λ¦‰λ™,1129000000,33,,,,μ •λ¦‰λ™,1129013300,1129013300
1129013400,μ„μΈνΉλ³„μ‹ μ„±λ¶κµ¬ κΈΈμλ™,1129000000,34,,,,κΈΈμλ™,1129013400,1129013400
1129013500,μ„μΈνΉλ³„μ‹ μ„±λ¶κµ¬ μΆ…μ•”λ™,1129000000,35,,,,μΆ…μ•”λ™,1129013500,1129013500
1129013600,μ„μΈνΉλ³„μ‹ μ„±λ¶κµ¬ ν•μ›”κ³΅λ™,1129000000,36,,,,ν•μ›”κ³΅λ™,1129013600,1129013600
1129013700,μ„μΈνΉλ³„μ‹ μ„±λ¶κµ¬ μƒμ›”κ³΅λ™,1129000000,37,,,,μƒμ›”κ³΅λ™,1129013700,1129013700
1129013800,μ„μΈνΉλ³„μ‹ μ„±λ¶κµ¬ μ¥μ„λ™,1129000000,38,,,,μ¥μ„λ™,1129013800,1129013800
1129013900,μ„μΈνΉλ³„μ‹ μ„±λ¶κµ¬ μ„κ΄€λ™,1129000000,39,,,,μ„κ΄€λ™,1129013900,1129013900
1130500000,μ„μΈνΉλ³„μ‹ κ°•λ¶κµ¬,1100000000,09,,,,κ°•λ¶κµ¬,1130500000,1130500000
1130510100,μ„μΈνΉλ³„μ‹ κ°•λ¶κµ¬ λ―Έμ•„λ™,1130500000,01,,,,λ―Έμ•„λ™,1130510100,1130510100
1130510200,μ„μΈνΉλ³„μ‹ κ°•λ¶κµ¬ λ²λ™,1130500000,02,,,,λ²λ™,1130510200,1130510200
1130510300,μ„μΈνΉλ³„μ‹ κ°•λ¶κµ¬ μμ λ™,1130500000,03,,,,μμ λ™,1130510300,1130510300
1130510400,μ„μΈνΉλ³„μ‹ κ°•λ¶κµ¬ μ°μ΄λ™,1130500000,04,,,,μ°μ΄λ™,1130510400,1130510400
1132000000,μ„μΈνΉλ³„μ‹ λ„λ΄‰κµ¬,1100000000,10,,,,λ„λ΄‰κµ¬,1132000000,1132000000
1132010500,μ„μΈνΉλ³„μ‹ λ„λ΄‰κµ¬ μλ¬Έλ™,1132000000,01,,,,μλ¬Έλ™,1132010500,1132010500
1132010600,μ„μΈνΉλ³„μ‹ λ„λ΄‰κµ¬ λ°©ν•™λ™,1132000000,02,,,,λ°©ν•™λ™,1132010600,1132010600
1132010700,μ„μΈνΉλ³„μ‹ λ„λ΄‰κµ¬ μ°½λ™,1132000000,03,,,,μ°½λ™,1132010700,1132010700
1132010800,μ„μΈνΉλ³„μ‹ λ„λ΄‰κµ¬ λ„λ΄‰λ™,1132000000,04,,,,λ„λ΄‰λ™,1132010800,1132010800
1135000000,μ„μΈνΉλ³„μ‹ λ…Έμ›κµ¬,1100000000,11,,,,λ…Έμ›κµ¬,1135000000,1135000000
1135010200,μ„μΈνΉλ³„μ‹ λ…Έμ›κµ¬ μ›”κ³„λ™,1135000000,01,,,,μ›”κ³„λ™,1135010200,1135010200
1135010300,μ„μΈνΉλ³„μ‹ λ…Έμ›κµ¬ κ³µλ¦‰λ™,1135000000,02,,,,κ³µλ¦‰λ™,1135010300,1135010300
1135010400,μ„μΈνΉλ³„μ‹ λ…Έμ›κµ¬ ν•κ³„λ™,1135000000,03,,,,ν•κ³„λ™,1135010400,1135010400
1135010500,μ„μΈνΉλ³„μ‹ λ…Έμ›κµ¬ μƒκ³„λ™,1135000000,04,,,,μƒκ³„λ™,1135010500,1135010500
1135010600,μ„μΈνΉλ³„μ‹ λ…Έμ›κµ¬ μ¤‘κ³„λ™,1135000000,05,,,,μ¤‘κ³„λ™,1135010600,1135010600
1138000000,μ„μΈνΉλ³„μ‹ μ€ν‰κµ¬,1100000000,12,,,,μ€ν‰κµ¬,1138000000,1138000000
1138010100,μ„μΈνΉλ³„μ‹ μ€ν‰κµ¬ μμƒ‰λ™,1138000000,01,,,,μμƒ‰λ™,1138010100,1138010100
1138010200,μ„μΈνΉλ³„μ‹ μ€ν‰κµ¬ λ…Ήλ²λ™,1138000000,02,,,,λ…Ήλ²λ™,1138010200,1138010200
1138010300,μ„μΈνΉλ³„μ‹ μ€ν‰κµ¬ λ¶κ΄‘λ™,1138000000,03,,,,λ¶κ΄‘λ™,1138010300,1138010300
1138010400,μ„μΈνΉλ³„μ‹ μ€ν‰κµ¬ κ°ν„λ™,1138000000,04,,,,κ°ν„λ™,1138010400,1138010400
1138010500,μ„μΈνΉλ³„μ‹ μ€ν‰κµ¬ κµ¬μ‚°λ™,1138000000,05,,,,κµ¬μ‚°λ™,1138010500,1138010500
1138010600,μ„μΈνΉλ³„μ‹ μ€ν‰κµ¬ λ€μ΅°λ™,1138000000,06,,,,λ€μ΅°λ™,1138010600,1138010600
1138010700,μ„μΈνΉλ³„μ‹ μ€ν‰κµ¬ μ‘μ•”λ™,1138000000,07,,,,μ‘μ•”λ™,1138010700,1138010700
1138010800,μ„μΈνΉλ³„μ‹ μ€ν‰κµ¬ μ—­μ΄λ™,1138000000,08,,,,μ—­μ΄λ™,1138010800,1138010800
1138010900,μ„μΈνΉλ³„μ‹ μ€ν‰κµ¬ μ‹ μ‚¬λ™,1138000000,09,,,,μ‹ μ‚¬λ™,1138010900,1138010900
1138011000,μ„μΈνΉλ³„μ‹ μ€ν‰κµ¬ μ¦μ‚°λ™,1138000000,10,,,,μ¦μ‚°λ™,1138011000,1138011000
1138011400,μ„μΈνΉλ³„μ‹ μ€ν‰κµ¬ μ§„κ΄€λ™,1138000000,01,20070813,,,μ§„κ΄€λ™,1138011400,1138011400
1141000000,μ„μΈνΉλ³„μ‹ μ„λ€λ¬Έκµ¬,1100000000,13,,,,μ„λ€λ¬Έκµ¬,1141000000,1141000000
1141010100,μ„μΈνΉλ³„μ‹ μ„λ€λ¬Έκµ¬ μ¶©μ •λ΅2κ°€,1141000000,01,,,,μ¶©μ •λ΅2κ°€,1141010100,1141010100
1141010200,μ„μΈνΉλ³„μ‹ μ„λ€λ¬Έκµ¬ μ¶©μ •λ΅3κ°€,1141000000,02,,,,μ¶©μ •λ΅3κ°€,1141010200,1141010200
1141010300,μ„μΈνΉλ³„μ‹ μ„λ€λ¬Έκµ¬ ν•©λ™,1141000000,03,,,,ν•©λ™,1141010300,1141010300
1141010400,μ„μΈνΉλ³„μ‹ μ„λ€λ¬Έκµ¬ λ―Έκ·Όλ™,1141000000,04,,,,λ―Έκ·Όλ™,1141010400,1141010400
1141010500,μ„μΈνΉλ³„μ‹ μ„λ€λ¬Έκµ¬ λƒ‰μ²λ™,1141000000,05,,,,λƒ‰μ²λ™,1141010500,1141010500
1141010600,μ„μΈνΉλ³„μ‹ μ„λ€λ¬Έκµ¬ μ²μ—°λ™,1141000000,06,,,,μ²μ—°λ™,1141010600,1141010600
1141010700,μ„μΈνΉλ³„μ‹ μ„λ€λ¬Έκµ¬ μ¥μ²λ™,1141000000,07,,,,μ¥μ²λ™,1141010700,1141010700
1141010800,μ„μΈνΉλ³„μ‹ μ„λ€λ¬Έκµ¬ μμ²λ™,1141000000,08,,,,μμ²λ™,1141010800,1141010800
1141010900,μ„μΈνΉλ³„μ‹ μ„λ€λ¬Έκµ¬ ν„μ €λ™,1141000000,09,,,,ν„μ €λ™,1141010900,1141010900
1141011000,μ„μΈνΉλ³„μ‹ μ„λ€λ¬Έκµ¬ λ¶μ•„ν„λ™,1141000000,10,,,,λ¶μ•„ν„λ™,1141011000,1141011000
1141011100,μ„μΈνΉλ³„μ‹ μ„λ€λ¬Έκµ¬ ν™μ λ™,1141000000,11,,,,ν™μ λ™,1141011100,1141011100
1141011200,μ„μΈνΉλ³„μ‹ μ„λ€λ¬Έκµ¬ λ€ν„λ™,1141000000,12,,,,λ€ν„λ™,1141011200,1141011200
1141011300,μ„μΈνΉλ³„μ‹ μ„λ€λ¬Έκµ¬ λ€μ‹ λ™,1141000000,13,,,,λ€μ‹ λ™,1141011300,1141011300
1141011400,μ„μΈνΉλ³„μ‹ μ„λ€λ¬Έκµ¬ μ‹ μ΄λ™,1141000000,14,,,,μ‹ μ΄λ™,1141011400,1141011400
1141011500,μ„μΈνΉλ³„μ‹ μ„λ€λ¬Έκµ¬ λ΄‰μ›λ™,1141000000,15,,,,λ΄‰μ›λ™,1141011500,1141011500
1141011600,μ„μΈνΉλ³„μ‹ μ„λ€λ¬Έκµ¬ μ°½μ²λ™,1141000000,16,,,,μ°½μ²λ™,1141011600,1141011600
1141011700,μ„μΈνΉλ³„μ‹ μ„λ€λ¬Έκµ¬ μ—°ν¬λ™,1141000000,17,,,,μ—°ν¬λ™,1141011700,1141011700
1141011800,μ„μΈνΉλ³„μ‹ μ„λ€λ¬Έκµ¬ ν™μ€λ™,1141000000,18,,,,ν™μ€λ™,1141011800,1141011800
1141011900,μ„μΈνΉλ³„μ‹ μ„λ€λ¬Έκµ¬ λ¶κ°€μΆλ™,1141000000,19,,,,λ¶κ°€μΆλ™,1141011900,1141011900
1141012000,μ„μΈνΉλ³„μ‹ μ„λ€λ¬Έκµ¬ λ‚¨κ°€μΆλ™,1141000000,20,,,,λ‚¨κ°€μΆλ™,1141012000,1141012000
1144000000,μ„μΈνΉλ³„μ‹ λ§ν¬κµ¬,1100000000,14,,,,λ§ν¬κµ¬,1144000000,1144000000
1144010100,μ„μΈνΉλ³„μ‹ λ§ν¬κµ¬ μ•„ν„λ™,1144000000,01,,,,μ•„ν„λ™,1144010100,1144010100
1144010200,μ„μΈνΉλ³„μ‹ λ§ν¬κµ¬ κ³µλ•λ™,1144000000,02,,,,κ³µλ•λ™,1144010200,1144010200
1144010300,μ„μΈνΉλ³„μ‹ λ§ν¬κµ¬ μ‹ κ³µλ•λ™,1144000000,03,,,,μ‹ κ³µλ•λ™,1144010300,1144010300
1144010400,μ„μΈνΉλ³„μ‹ λ§ν¬κµ¬ λ„ν™”λ™,1144000000,04,,,,λ„ν™”λ™,1144010400,1144010400
1144010500,μ„μΈνΉλ³„μ‹ λ§ν¬κµ¬ μ©κ°•λ™,1144000000,05,,,,μ©κ°•λ™,1144010500,1144010500
1144010600,μ„μΈνΉλ³„μ‹ λ§ν¬κµ¬ ν† μ •λ™,1144000000,06,,,,ν† μ •λ™,1144010600,1144010600
1144010700,μ„μΈνΉλ³„μ‹ λ§ν¬κµ¬ λ§ν¬λ™,1144000000,07,,,,λ§ν¬λ™,1144010700,1144010700
1144010800,μ„μΈνΉλ³„μ‹ λ§ν¬κµ¬ λ€ν¥λ™,1144000000,08,,,,λ€ν¥λ™,1144010800,1144010800
1144010900,μ„μΈνΉλ³„μ‹ λ§ν¬κµ¬ μ—Όλ¦¬λ™,1144000000,09,,,,μ—Όλ¦¬λ™,1144010900,1144010900
1144011000,μ„μΈνΉλ³„μ‹ λ§ν¬κµ¬ λ…Έκ³ μ‚°λ™,1144000000,10,,,,λ…Έκ³ μ‚°λ™,1144011000,1144011000
1144011100,μ„μΈνΉλ³„μ‹ λ§ν¬κµ¬ μ‹ μλ™,1144000000,11,,,,μ‹ μλ™,1144011100,1144011100
1144011200,μ„μΈνΉλ³„μ‹ λ§ν¬κµ¬ ν„μ„λ™,1144000000,12,,,,ν„μ„λ™,1144011200,1144011200
1144011300,μ„μΈνΉλ³„μ‹ λ§ν¬κµ¬ κµ¬μλ™,1144000000,13,,,,κµ¬μλ™,1144011300,1144011300
1144011400,μ„μΈνΉλ³„μ‹ λ§ν¬κµ¬ μ°½μ „λ™,1144000000,14,,,,μ°½μ „λ™,1144011400,1144011400
1144011500,μ„μΈνΉλ³„μ‹ λ§ν¬κµ¬ μƒμλ™,1144000000,15,,,,μƒμλ™,1144011500,1144011500
1144011600,μ„μΈνΉλ³„μ‹ λ§ν¬κµ¬ ν•μ¤‘λ™,1144000000,16,,,,ν•μ¤‘λ™,1144011600,1144011600
1144011700,μ„μΈνΉλ³„μ‹ λ§ν¬κµ¬ μ‹ μ •λ™,1144000000,17,20050325,,,μ‹ μ •λ™,1144011700,1144011700
1144011800,μ„μΈνΉλ³„μ‹ λ§ν¬κµ¬ λ‹ΉμΈλ™,1144000000,18,,,,λ‹ΉμΈλ™,1144011800,1144011800
1144012000,μ„μΈνΉλ³„μ‹ λ§ν¬κµ¬ μ„κµλ™,1144000000,19,,,,μ„κµλ™,1144012000,1144012000
1144012100,μ„μΈνΉλ³„μ‹ λ§ν¬κµ¬ λ™κµλ™,1144000000,20,,,,λ™κµλ™,1144012100,1144012100
1144012200,μ„μΈνΉλ³„μ‹ λ§ν¬κµ¬ ν•©μ •λ™,1144000000,21,,,,ν•©μ •λ™,1144012200,1144012200
1144012300,μ„μΈνΉλ³„μ‹ λ§ν¬κµ¬ λ§μ›λ™,1144000000,22,,,,λ§μ›λ™,1144012300,1144012300
1144012400,μ„μΈνΉλ³„μ‹ λ§ν¬κµ¬ μ—°λ‚¨λ™,1144000000,23,,,,μ—°λ‚¨λ™,1144012400,1144012400
1144012500,μ„μΈνΉλ³„μ‹ λ§ν¬κµ¬ μ„±μ‚°λ™,1144000000,24,,,,μ„±μ‚°λ™,1144012500,1144012500
1144012600,μ„μΈνΉλ³„μ‹ λ§ν¬κµ¬ μ¤‘λ™,1144000000,25,,,,μ¤‘λ™,1144012600,1144012600
1144012700,μ„μΈνΉλ³„μ‹ λ§ν¬κµ¬ μƒμ•”λ™,1144000000,26,,,,μƒμ•”λ™,1144012700,1144012700
1147000000,μ„μΈνΉλ³„μ‹ μ–‘μ²κµ¬,1100000000,15,,,,μ–‘μ²κµ¬,1147000000,1147000000
1147010100,μ„μΈνΉλ³„μ‹ μ–‘μ²κµ¬ μ‹ μ •λ™,1147000000,01,,,,μ‹ μ •λ™,1147010100,1147010100
1147010200,μ„μΈνΉλ³„μ‹ μ–‘μ²κµ¬ λ©λ™,1147000000,02,,,,λ©λ™,1147010200,1147010200
1147010300,μ„μΈνΉλ³„μ‹ μ–‘μ²κµ¬ μ‹ μ›”λ™,1147000000,03,,,,μ‹ μ›”λ™,1147010300,1147010300
1150000000,μ„μΈνΉλ³„μ‹ κ°•μ„κµ¬,1100000000,16,,,,κ°•μ„κµ¬,1150000000,1150000000
1150010100,μ„μΈνΉλ³„μ‹ κ°•μ„κµ¬ μ—Όμ°½λ™,1150000000,01,,,,μ—Όμ°½λ™,1150010100,1150010100
1150010200,μ„μΈνΉλ³„μ‹ κ°•μ„κµ¬ λ“±μ΄λ™,1150000000,02,,,,λ“±μ΄λ™,1150010200,1150010200
1150010300,μ„μΈνΉλ³„μ‹ κ°•μ„κµ¬ ν™”κ³΅λ™,1150000000,03,,,,ν™”κ³΅λ™,1150010300,1150010300
1150010400,μ„μΈνΉλ³„μ‹ κ°•μ„κµ¬ κ°€μ–‘λ™,1150000000,04,,,,κ°€μ–‘λ™,1150010400,1150010400
1150010500,μ„μΈνΉλ³„μ‹ κ°•μ„κµ¬ λ§κ³΅λ™,1150000000,05,,,,λ§κ³΅λ™,1150010500,1150010500
1150010600,μ„μΈνΉλ³„μ‹ κ°•μ„κµ¬ λ‚΄λ°μ‚°λ™,1150000000,06,,,,λ‚΄λ°μ‚°λ™,1150010600,1150010600
1150010700,μ„μΈνΉλ³„μ‹ κ°•μ„κµ¬ μ™Έλ°μ‚°λ™,1150000000,07,,,,μ™Έλ°μ‚°λ™,1150010700,1150010700
1150010800,μ„μΈνΉλ³„μ‹ κ°•μ„κµ¬ κ³µν•­λ™,1150000000,08,,,,κ³µν•­λ™,1150010800,1150010800
1150010900,μ„μΈνΉλ³„μ‹ κ°•μ„κµ¬ λ°©ν™”λ™,1150000000,09,,,,λ°©ν™”λ™,1150010900,1150010900
1150011000,μ„μΈνΉλ³„μ‹ κ°•μ„κµ¬ κ°ν™”λ™,1150000000,10,,,,κ°ν™”λ™,1150011000,1150011000
1150011100,μ„μΈνΉλ³„μ‹ κ°•μ„κµ¬ κ³Όν•΄λ™,1150000000,11,,,,κ³Όν•΄λ™,1150011100,1150011100
1150011200,μ„μΈνΉλ³„μ‹ κ°•μ„κµ¬ μ¤κ³΅λ™,1150000000,12,,,,μ¤κ³΅λ™,1150011200,1150011200
1150011300,μ„μΈνΉλ³„μ‹ κ°•μ„κµ¬ μ¤μ‡ λ™,1150000000,13,,,,μ¤μ‡ λ™,1150011300,1150011300
1153000000,μ„μΈνΉλ³„μ‹ κµ¬λ΅κµ¬,1100000000,17,,,,κµ¬λ΅κµ¬,1153000000,1153000000
1153010100,μ„μΈνΉλ³„μ‹ κµ¬λ΅κµ¬ μ‹ λ„λ¦Όλ™,1153000000,01,,,,μ‹ λ„λ¦Όλ™,1153010100,1153010100
1153010200,μ„μΈνΉλ³„μ‹ κµ¬λ΅κµ¬ κµ¬λ΅λ™,1153000000,02,,,,κµ¬λ΅λ™,1153010200,1153010200
1153010300,μ„μΈνΉλ³„μ‹ κµ¬λ΅κµ¬ κ°€λ¦¬λ΄‰λ™,1153000000,03,,,,κ°€λ¦¬λ΄‰λ™,1153010300,1153010300
1153010600,μ„μΈνΉλ³„μ‹ κµ¬λ΅κµ¬ κ³ μ²™λ™,1153000000,04,,,,κ³ μ²™λ™,1153010600,1153010600
1153010700,μ„μΈνΉλ³„μ‹ κµ¬λ΅κµ¬ κ°λ΄‰λ™,1153000000,05,,,,κ°λ΄‰λ™,1153010700,1153010700
1153010800,μ„μΈνΉλ³„μ‹ κµ¬λ΅κµ¬ μ¤λ¥λ™,1153000000,06,,,,μ¤λ¥λ™,1153010800,1153010800
1153010900,μ„μΈνΉλ³„μ‹ κµ¬λ΅κµ¬ κ¶λ™,1153000000,07,,,,κ¶λ™,1153010900,1153010900
1153011000,μ„μΈνΉλ³„μ‹ κµ¬λ΅κµ¬ μ¨μλ™,1153000000,08,,,,μ¨μλ™,1153011000,1153011000
1153011100,μ„μΈνΉλ³„μ‹ κµ¬λ΅κµ¬ μ²μ™•λ™,1153000000,09,,,,μ²μ™•λ™,1153011100,1153011100
1153011200,μ„μΈνΉλ³„μ‹ κµ¬λ΅κµ¬ ν•­λ™,1153000000,10,,,,ν•­λ™,1153011200,1153011200
1154500000,μ„μΈνΉλ³„μ‹ κΈμ²κµ¬,1100000000,18,,,,κΈμ²κµ¬,1154500000,1154500000
1154510100,μ„μΈνΉλ³„μ‹ κΈμ²κµ¬ κ°€μ‚°λ™,1154500000,01,20000101,,,κ°€μ‚°λ™,1154510100,1154510100
1154510200,μ„μΈνΉλ³„μ‹ κΈμ²κµ¬ λ…μ‚°λ™,1154500000,02,20000101,,,λ…μ‚°λ™,1154510200,1154510200
1154510300,μ„μΈνΉλ³„μ‹ κΈμ²κµ¬ μ‹ν¥λ™,1154500000,03,,,,μ‹ν¥λ™,1154510300,1154510300
1156000000,μ„μΈνΉλ³„μ‹ μλ“±ν¬κµ¬,1100000000,19,,,,μλ“±ν¬κµ¬,1156000000,1156000000
1156010100,μ„μΈνΉλ³„μ‹ μλ“±ν¬κµ¬ μλ“±ν¬λ™,1156000000,01,,,,μλ“±ν¬λ™,1156010100,1156010100
1156010200,μ„μΈνΉλ³„μ‹ μλ“±ν¬κµ¬ μλ“±ν¬λ™1κ°€,1156000000,02,,,,μλ“±ν¬λ™1κ°€,1156010200,1156010200
1156010300,μ„μΈνΉλ³„μ‹ μλ“±ν¬κµ¬ μλ“±ν¬λ™2κ°€,1156000000,03,,,,μλ“±ν¬λ™2κ°€,1156010300,1156010300
1156010400,μ„μΈνΉλ³„μ‹ μλ“±ν¬κµ¬ μλ“±ν¬λ™3κ°€,1156000000,04,,,,μλ“±ν¬λ™3κ°€,1156010400,1156010400
1156010500,μ„μΈνΉλ³„μ‹ μλ“±ν¬κµ¬ μλ“±ν¬λ™4κ°€,1156000000,05,,,,μλ“±ν¬λ™4κ°€,1156010500,1156010500
1156010600,μ„μΈνΉλ³„μ‹ μλ“±ν¬κµ¬ μλ“±ν¬λ™5κ°€,1156000000,06,,,,μλ“±ν¬λ™5κ°€,1156010600,1156010600
1156010700,μ„μΈνΉλ³„μ‹ μλ“±ν¬κµ¬ μλ“±ν¬λ™6κ°€,1156000000,07,,,,μλ“±ν¬λ™6κ°€,1156010700,1156010700
1156010800,μ„μΈνΉλ³„μ‹ μλ“±ν¬κµ¬ μλ“±ν¬λ™7κ°€,1156000000,08,,,,μλ“±ν¬λ™7κ°€,1156010800,1156010800
1156010900,μ„μΈνΉλ³„μ‹ μλ“±ν¬κµ¬ μλ“±ν¬λ™8κ°€,1156000000,09,,,,μλ“±ν¬λ™8κ°€,1156010900,1156010900
1156011000,μ„μΈνΉλ³„μ‹ μλ“±ν¬κµ¬ μ—¬μλ„λ™,1156000000,10,,,,μ—¬μλ„λ™,1156011000,1156011000
1156011100,μ„μΈνΉλ³„μ‹ μλ“±ν¬κµ¬ λ‹Ήμ‚°λ™1κ°€,1156000000,11,,,,λ‹Ήμ‚°λ™1κ°€,1156011100,1156011100
1156011200,μ„μΈνΉλ³„μ‹ μλ“±ν¬κµ¬ λ‹Ήμ‚°λ™2κ°€,1156000000,12,,,,λ‹Ήμ‚°λ™2κ°€,1156011200,1156011200
1156011300,μ„μΈνΉλ³„μ‹ μλ“±ν¬κµ¬ λ‹Ήμ‚°λ™3κ°€,1156000000,13,,,,λ‹Ήμ‚°λ™3κ°€,1156011300,1156011300
1156011400,μ„μΈνΉλ³„μ‹ μλ“±ν¬κµ¬ λ‹Ήμ‚°λ™4κ°€,1156000000,14,,,,λ‹Ήμ‚°λ™4κ°€,1156011400,1156011400
1156011500,μ„μΈνΉλ³„μ‹ μλ“±ν¬κµ¬ λ‹Ήμ‚°λ™5κ°€,1156000000,15,,,,λ‹Ήμ‚°λ™5κ°€,1156011500,1156011500
1156011600,μ„μΈνΉλ³„μ‹ μλ“±ν¬κµ¬ λ‹Ήμ‚°λ™6κ°€,1156000000,16,,,,λ‹Ήμ‚°λ™6κ°€,1156011600,1156011600
1156011700,μ„μΈνΉλ³„μ‹ μλ“±ν¬κµ¬ λ‹Ήμ‚°λ™,1156000000,17,,,,λ‹Ήμ‚°λ™,1156011700,1156011700
1156011800,μ„μΈνΉλ³„μ‹ μλ“±ν¬κµ¬ λ„λ¦Όλ™,1156000000,18,,,,λ„λ¦Όλ™,1156011800,1156011800
1156011900,μ„μΈνΉλ³„μ‹ μλ“±ν¬κµ¬ λ¬Έλλ™1κ°€,1156000000,19,,,,λ¬Έλλ™1κ°€,1156011900,1156011900
1156012000,μ„μΈνΉλ³„μ‹ μλ“±ν¬κµ¬ λ¬Έλλ™2κ°€,1156000000,20,,,,λ¬Έλλ™2κ°€,1156012000,1156012000
1156012100,μ„μΈνΉλ³„μ‹ μλ“±ν¬κµ¬ λ¬Έλλ™3κ°€,1156000000,21,,,,λ¬Έλλ™3κ°€,1156012100,1156012100
1156012200,μ„μΈνΉλ³„μ‹ μλ“±ν¬κµ¬ λ¬Έλλ™4κ°€,1156000000,22,,,,λ¬Έλλ™4κ°€,1156012200,1156012200
1156012300,μ„μΈνΉλ³„μ‹ μλ“±ν¬κµ¬ λ¬Έλλ™5κ°€,1156000000,23,,,,λ¬Έλλ™5κ°€,1156012300,1156012300
1156012400,μ„μΈνΉλ³„μ‹ μλ“±ν¬κµ¬ λ¬Έλλ™6κ°€,1156000000,24,,,,λ¬Έλλ™6κ°€,1156012400,1156012400
1156012500,μ„μΈνΉλ³„μ‹ μλ“±ν¬κµ¬ μ–‘ν‰λ™1κ°€,1156000000,25,,,,μ–‘ν‰λ™1κ°€,1156012500,1156012500
1156012600,μ„μΈνΉλ³„μ‹ μλ“±ν¬κµ¬ μ–‘ν‰λ™2κ°€,1156000000,26,,,,μ–‘ν‰λ™2κ°€,1156012600,1156012600
1156012700,μ„μΈνΉλ³„μ‹ μλ“±ν¬κµ¬ μ–‘ν‰λ™3κ°€,1156000000,27,,,,μ–‘ν‰λ™3κ°€,1156012700,1156012700
1156012800,μ„μΈνΉλ³„μ‹ μλ“±ν¬κµ¬ μ–‘ν‰λ™4κ°€,1156000000,28,,,,μ–‘ν‰λ™4κ°€,1156012800,1156012800
1156012900,μ„μΈνΉλ³„μ‹ μλ“±ν¬κµ¬ μ–‘ν‰λ™5κ°€,1156000000,29,,,,μ–‘ν‰λ™5κ°€,1156012900,1156012900
1156013000,μ„μΈνΉλ³„μ‹ μλ“±ν¬κµ¬ μ–‘ν‰λ™6κ°€,1156000000,30,,,,μ–‘ν‰λ™6κ°€,1156013000,1156013000
1156013100,μ„μΈνΉλ³„μ‹ μλ“±ν¬κµ¬ μ–‘ν™”λ™,1156000000,31,,,,μ–‘ν™”λ™,1156013100,1156013100
1156013200,μ„μΈνΉλ³„μ‹ μλ“±ν¬κµ¬ μ‹ κΈΈλ™,1156000000,32,,,,μ‹ κΈΈλ™,1156013200,1156013200
1156013300,μ„μΈνΉλ³„μ‹ μλ“±ν¬κµ¬ λ€λ¦Όλ™,1156000000,33,,,,λ€λ¦Όλ™,1156013300,1156013300
1156013400,μ„μΈνΉλ³„μ‹ μλ“±ν¬κµ¬ μ–‘ν‰λ™,1156000000,34,,,,μ–‘ν‰λ™,1156013400,1156013400
1159000000,μ„μΈνΉλ³„μ‹ λ™μ‘κµ¬,1100000000,20,,,,λ™μ‘κµ¬,1159000000,1159000000
1159010100,μ„μΈνΉλ³„μ‹ λ™μ‘κµ¬ λ…Έλ‰μ§„λ™,1159000000,01,,,,λ…Έλ‰μ§„λ™,1159010100,1159010100
1159010200,μ„μΈνΉλ³„μ‹ λ™μ‘κµ¬ μƒλ„λ™,1159000000,02,,,,μƒλ„λ™,1159010200,1159010200
1159010300,μ„μΈνΉλ³„μ‹ λ™μ‘κµ¬ μƒλ„1λ™,1159000000,03,,,,μƒλ„1λ™,1159010300,1159010300
1159010400,μ„μΈνΉλ³„μ‹ λ™μ‘κµ¬ λ³Έλ™,1159000000,04,,,,λ³Έλ™,1159010400,1159010400
1159010500,μ„μΈνΉλ³„μ‹ λ™μ‘κµ¬ ν‘μ„λ™,1159000000,05,,,,ν‘μ„λ™,1159010500,1159010500
1159010600,μ„μΈνΉλ³„μ‹ λ™μ‘κµ¬ λ™μ‘λ™,1159000000,06,,,,λ™μ‘λ™,1159010600,1159010600
1159010700,μ„μΈνΉλ³„μ‹ λ™μ‘κµ¬ μ‚¬λ‹Ήλ™,1159000000,07,,,,μ‚¬λ‹Ήλ™,1159010700,1159010700
1159010800,μ„μΈνΉλ³„μ‹ λ™μ‘κµ¬ λ€λ°©λ™,1159000000,08,,,,λ€λ°©λ™,1159010800,1159010800
1159010900,μ„μΈνΉλ³„μ‹ λ™μ‘κµ¬ μ‹ λ€λ°©λ™,1159000000,09,,,,μ‹ λ€λ°©λ™,1159010900,1159010900
1162000000,μ„μΈνΉλ³„μ‹ κ΄€μ•…κµ¬,1100000000,21,,,,κ΄€μ•…κµ¬,1162000000,1162000000
1162010100,μ„μΈνΉλ³„μ‹ κ΄€μ•…κµ¬ λ΄‰μ²λ™,1162000000,01,20000101,,,λ΄‰μ²λ™,1162010100,1162010100
1162010200,μ„μΈνΉλ³„μ‹ κ΄€μ•…κµ¬ μ‹ λ¦Όλ™,1162000000,02,,,,μ‹ λ¦Όλ™,1162010200,1162010200
1162010300,μ„μΈνΉλ³„μ‹ κ΄€μ•…κµ¬ λ‚¨ν„λ™,1162000000,03,,,,λ‚¨ν„λ™,1162010300,1162010300
1165000000,μ„μΈνΉλ³„μ‹ μ„μ΄κµ¬,1100000000,22,,,,μ„μ΄κµ¬,1165000000,1165000000
1165010100,μ„μΈνΉλ³„μ‹ μ„μ΄κµ¬ λ°©λ°°λ™,1165000000,01,,,,λ°©λ°°λ™,1165010100,1165010100
1165010200,μ„μΈνΉλ³„μ‹ μ„μ΄κµ¬ μ–‘μ¬λ™,1165000000,02,,,,μ–‘μ¬λ™,1165010200,1165010200
1165010300,μ„μΈνΉλ³„μ‹ μ„μ΄κµ¬ μ°λ©΄λ™,1165000000,03,,,,μ°λ©΄λ™,1165010300,1165010300
1165010400,μ„μΈνΉλ³„μ‹ μ„μ΄κµ¬ μ›μ§€λ™,1165000000,04,,,,μ›μ§€λ™,1165010400,1165010400
1165010600,μ„μΈνΉλ³„μ‹ μ„μ΄κµ¬ μ μ›λ™,1165000000,05,,,,μ μ›λ™,1165010600,1165010600
1165010700,μ„μΈνΉλ³„μ‹ μ„μ΄κµ¬ λ°ν¬λ™,1165000000,06,,,,λ°ν¬λ™,1165010700,1165010700
1165010800,μ„μΈνΉλ³„μ‹ μ„μ΄κµ¬ μ„μ΄λ™,1165000000,07,,,,μ„μ΄λ™,1165010800,1165010800
1165010900,μ„μΈνΉλ³„μ‹ μ„μ΄κµ¬ λ‚΄κ³΅λ™,1165000000,08,,,,λ‚΄κ³΅λ™,1165010900,1165010900
1165011000,μ„μΈνΉλ³„μ‹ μ„μ΄κµ¬ μ—Όκ³΅λ™,1165000000,09,,,,μ—Όκ³΅λ™,1165011000,1165011000
1165011100,μ„μΈνΉλ³„μ‹ μ„μ΄κµ¬ μ‹ μ›λ™,1165000000,10,,,,μ‹ μ›λ™,1165011100,1165011100
1168000000,μ„μΈνΉλ³„μ‹ κ°•λ‚¨κµ¬,1100000000,23,,,,κ°•λ‚¨κµ¬,1168000000,1168000000
1168010100,μ„μΈνΉλ³„μ‹ κ°•λ‚¨κµ¬ μ—­μ‚Όλ™,1168000000,01,,,,μ—­μ‚Όλ™,1168010100,1168010100
1168010300,μ„μΈνΉλ³„μ‹ κ°•λ‚¨κµ¬ κ°ν¬λ™,1168000000,03,,,,κ°ν¬λ™,1168010300,1168010300
1168010400,μ„μΈνΉλ³„μ‹ κ°•λ‚¨κµ¬ μ²­λ‹΄λ™,1168000000,04,,,,μ²­λ‹΄λ™,1168010400,1168010400
1168010500,μ„μΈνΉλ³„μ‹ κ°•λ‚¨κµ¬ μ‚Όμ„±λ™,1168000000,05,,,,μ‚Όμ„±λ™,1168010500,1168010500
1168010600,μ„μΈνΉλ³„μ‹ κ°•λ‚¨κµ¬ λ€μΉλ™,1168000000,06,,,,λ€μΉλ™,1168010600,1168010600
1168010700,μ„μΈνΉλ³„μ‹ κ°•λ‚¨κµ¬ μ‹ μ‚¬λ™,1168000000,07,,,,μ‹ μ‚¬λ™,1168010700,1168010700
1168010800,μ„μΈνΉλ³„μ‹ κ°•λ‚¨κµ¬ λ…Όν„λ™,1168000000,08,,,,λ…Όν„λ™,1168010800,1168010800
1168011000,μ„μΈνΉλ³„μ‹ κ°•λ‚¨κµ¬ μ••κµ¬μ •λ™,1168000000,09,,,,μ••κµ¬μ •λ™,1168011000,1168011000
1168011100,μ„μΈνΉλ³„μ‹ κ°•λ‚¨κµ¬ μ„Έκ³΅λ™,1168000000,10,,,,μ„Έκ³΅λ™,1168011100,1168011100
1168011200,μ„μΈνΉλ³„μ‹ κ°•λ‚¨κµ¬ μκ³΅λ™,1168000000,11,,,,μκ³΅λ™,1168011200,1168011200
1168011300,μ„μΈνΉλ³„μ‹ κ°•λ‚¨κµ¬ μ¨ν„λ™,1168000000,12,,,,μ¨ν„λ™,1168011300,1168011300
1168011400,μ„μΈνΉλ³„μ‹ κ°•λ‚¨κµ¬ μΌμ›λ™,1168000000,13,,,,μΌμ›λ™,1168011400,1168011400
1168011500,μ„μΈνΉλ³„μ‹ κ°•λ‚¨κµ¬ μμ„λ™,1168000000,14,,,,μμ„λ™,1168011500,1168011500
1168011800,μ„μΈνΉλ³„μ‹ κ°•λ‚¨κµ¬ λ„κ³΅λ™,1168000000,15,,,,λ„κ³΅λ™,1168011800,1168011800
1171000000,μ„μΈνΉλ³„μ‹ μ†΅νκµ¬,1100000000,24,,,,μ†΅νκµ¬,1171000000,1171000000
1171010100,μ„μΈνΉλ³„μ‹ μ†΅νκµ¬ μ μ‹¤λ™,1171000000,01,,,,μ μ‹¤λ™,1171010100,1171010100
1171010200,μ„μΈνΉλ³„μ‹ μ†΅νκµ¬ μ‹ μ²λ™,1171000000,02,,,,μ‹ μ²λ™,1171010200,1171010200
1171010300,μ„μΈνΉλ³„μ‹ μ†΅νκµ¬ ν’λ‚©λ™,1171000000,03,,,,ν’λ‚©λ™,1171010300,1171010300
1171010400,μ„μΈνΉλ³„μ‹ μ†΅νκµ¬ μ†΅νλ™,1171000000,04,,,,μ†΅νλ™,1171010400,1171010400
1171010500,μ„μΈνΉλ³„μ‹ μ†΅νκµ¬ μ„μ΄λ™,1171000000,05,,,,μ„μ΄λ™,1171010500,1171010500
1171010600,μ„μΈνΉλ³„μ‹ μ†΅νκµ¬ μ‚Όμ „λ™,1171000000,06,,,,μ‚Όμ „λ™,1171010600,1171010600
1171010700,μ„μΈνΉλ³„μ‹ μ†΅νκµ¬ κ°€λ½λ™,1171000000,07,,,,κ°€λ½λ™,1171010700,1171010700
1171010800,μ„μΈνΉλ³„μ‹ μ†΅νκµ¬ λ¬Έμ •λ™,1171000000,08,,,,λ¬Έμ •λ™,1171010800,1171010800
1171010900,μ„μΈνΉλ³„μ‹ μ†΅νκµ¬ μ¥μ§€λ™,1171000000,09,,,,μ¥μ§€λ™,1171010900,1171010900
1171011100,μ„μΈνΉλ³„μ‹ μ†΅νκµ¬ λ°©μ΄λ™,1171000000,10,,,,λ°©μ΄λ™,1171011100,1171011100
1171011200,μ„μΈνΉλ³„μ‹ μ†΅νκµ¬ μ¤κΈλ™,1171000000,11,,,,μ¤κΈλ™,1171011200,1171011200
1171011300,μ„μΈνΉλ³„μ‹ μ†΅νκµ¬ κ±°μ—¬λ™,1171000000,12,,,,κ±°μ—¬λ™,1171011300,1171011300
1171011400,μ„μΈνΉλ³„μ‹ μ†΅νκµ¬ λ§μ²λ™,1171000000,13,,,,λ§μ²λ™,1171011400,1171011400
1174000000,μ„μΈνΉλ³„μ‹ κ°•λ™κµ¬,1100000000,25,,,,κ°•λ™κµ¬,1174000000,1174000000
1174010100,μ„μΈνΉλ³„μ‹ κ°•λ™κµ¬ λ…μΌλ™,1174000000,02,,,,λ…μΌλ™,1174010100,1174010100
1174010200,μ„μΈνΉλ³„μ‹ κ°•λ™κµ¬ κ³ λ•λ™,1174000000,03,,,,κ³ λ•λ™,1174010200,1174010200
1174010300,μ„μΈνΉλ³„μ‹ κ°•λ™κµ¬ μƒμΌλ™,1174000000,04,,,,μƒμΌλ™,1174010300,1174010300
1174010500,μ„μΈνΉλ³„μ‹ κ°•λ™κµ¬ κΈΈλ™,1174000000,06,,,,κΈΈλ™,1174010500,1174010500
1174010600,μ„μΈνΉλ³„μ‹ κ°•λ™κµ¬ λ‘”μ΄λ™,1174000000,07,,,,λ‘”μ΄λ™,1174010600,1174010600
1174010700,μ„μΈνΉλ³„μ‹ κ°•λ™κµ¬ μ•”μ‚¬λ™,1174000000,08,,,,μ•”μ‚¬λ™,1174010700,1174010700
1174010800,μ„μΈνΉλ³„μ‹ κ°•λ™κµ¬ μ„±λ‚΄λ™,1174000000,09,,,,μ„±λ‚΄λ™,1174010800,1174010800
1174010900,μ„μΈνΉλ³„μ‹ κ°•λ™κµ¬ μ²νΈλ™,1174000000,10,,,,μ²νΈλ™,1174010900,1174010900
1174011000,μ„μΈνΉλ³„μ‹ κ°•λ™κµ¬ κ°•μΌλ™,1174000000,01,20061229,,,κ°•μΌλ™,1174011000,1174011000
›ώ"(a37ef31af7af8c6fd4b0eb79ff0423fa0c19fd2b2/file:///teamspace/studios/this_studio/tp/rd.csv:%file:///teamspace/studios/this_studio